{
    "mse": 4.855333147814609,
    "r2": -3.8510816230241645
}