{
    "mse": 0.7741806090997294,
    "r2": 0.22649729454800482
}